1,testing,2,food,1,2021-04-19 02:05:02.876252,False
2,testing,2,food,1,2021-04-19 02:06:16.624706,False
3,testing,3,food,1,2021-04-19 02:27:42.244890,False
4,age of someone idek,3,10-12,2,2021-04-19 03:20:10.144416,False
5,age of someone idek,2,85+,2,2021-04-19 03:20:22.682730,False
6,age of someone idek,1,10-12,2,2021-04-19 03:20:28.722498,False
7,age of someone idek,1,10-12,2,2021-04-19 22:36:50.417520,False
8,age of someone idek,1,10-12,2,2021-04-19 22:41:28.495881,False
9,age of someone idek,1,10-12,2,2021-04-19 22:41:36.792484,False
10,Supplies requested,1000,clothes,1,2021-05-10 23:55:10.080493,False
11,Name,1000,Bob,2,2021-05-10 23:55:10.104252,False
12,Supplies requested,5000,clothes,1,2021-05-10 23:57:53.446765,False
13,Name,5000,Bob,2,2021-05-10 23:57:53.461966,False
